<article id="13463">
  <title>vbAccelerator TreeView Control</title>
  <splash>A fully-featured TreeView with enhanced Drag-Drop support</splash>
  <images>
    <largeImage>
      <img src="./treeView.png" width="368" height="257" alt="Two TreeView controls  with customised colouring" />
    </largeImage>
    <smallImage>
      <img src="./treeView_Small.png" width="98" height="98" />
    </smallImage>
  </images>
  <summary>
    <p>
This article provides a new TreeView control that provides an alternative to the standard
version provided with VB.  Enhancements include much wider support for item colours and formatting,
better drag-drop support including node auto-expand and scrolling, styles to support numbering
items and an IE-style history mode and an improved object model.
</p>
  </summary>
  <versionHistory>
    <version date="2003-11-15" revisionType="I">First Posted</version>
  </versionHistory>
  <authorList>
    <author id="1">
      <name>Steve McMahon</name>
      <email>steve@vbaccelerator.com</email>
    </author>
    <author id="2">
      <name>Dan Litwin</name>
      <email>litwin@gottliebaza.org</email>
    </author>
  </authorList>
  <codeTypeList>
    <codeType id="VB5" />
    <codeType id="VB6" />
  </codeTypeList>
  <content>
    <h2>About the TreeView control</h2>
    <p>
This control is a significantly revised version of the XuiTreeView control
written by Dan Litwin which is still available on the <a href="/oldindex.html">legacy version
of the site</a>. This time around the control has an object model, not to mention 
many bug fixes and enhancements over the last version.
</p>
    <p>
This control has a similar object model to the standard VB TreeView, but with a 
notable exception.  In the VB TreeView, the <span class="code">Nodes</span>
collection is the collection of <span class="i">all</span> in the control.  In
this control, the <span class="code">Nodes</span> collection refers to the 
collection of nodes at a particular level.  In this way the object model is
more similar to the <span class="code">DOM</span> interfaces provided in 
XML parsers.  This seems a more natural way to look at the TreeView, since now
each <span class="code">Node</span> has a <span class="code">Children</span>
object which can be used to access just the child nodes of that node.
</p>
    <p>
The diagram below shows the object model in the control.
</p>
    <img src="./treeViewObjectModel.png" width="246" height="222" alt="Tree View Object Model" />
    <p class="caption">TreeView Object Model</p>
    <p>
Here's a brief tour of the features:
</p>
    <h3>The Control</h3>
    <p>
The <span class="code">vbalTreeViewCtl</span> provides access to the object collections,
raises events and lets you configure the visual properties of the control.
The new and changed features are:
</p>
    <ul>
      <li>
        <span class="code">ImageList</span>
        <p>
This allows you to associate a handle to an image list with the control rather than just
an ImageList object.  This allows you to use an <a href="/article.asp?id=931">System Image
List</a> as a source of icons, as shown in the demo.
Please note that MSCOMCTL.OCX (VB6 Windows Common Controls) ImageLists are not supported as the hImageList handle returned by this object is incorrect. This may be resolved in the future by an update from Microsoft (see KB).
</p>
      </li>
      <li>
        <span class="code">DragAutoExpand</span>
        <p>
Gets/sets whether nodes will auto-expand when you are dragging over them.
</p>
      </li>
      <li>
        <span class="code">NoCustomDraw</span>
        <p>
Gets/sets whether custom-draw is disabled for the control.  When custom draw is disabled,
the display is faster, but you cannot configure colours or formatting on a per-item
basis.  Note that by default this is <span class="code">True</span>.
</p>
      </li>
      <li>
        <span class="code">ShowNumber, HistoryStyle</span>
        <p>
Get/set two new styles which are provided for the control.  In both cases the
<span class="code">NoCustomDraw</span> flag must be set to <span class="code">False</span>
in order for the mode to draw.  When the <span class="code">ShowNumber</span> mode is set,
any <span class="code">ItemNumber</span> value above zero associated with a node is
displayed next to the item in brackets, like Outlook.  If <span class="code">HistoryStyle</span>
is set, then the control renders a border around the selected node tree in the same way
that IE does in the History bar.  These styles are mutually exclusive.
</p>
        <img src="./historyAndNumbers.png" width="368" height="260" alt="History and Number Styles" />
        <p class="caption">TreeView control with Number and History styles applied</p>
      </li>
      <li>
        <strong>Colour properties</strong>
        <p>
When <span class="code">NoCustomDraw</span> is set <span class="code">False</span>, you
can set a number of default colours for the rendering of the control (these can also
be overridden for individual items).  In all cases except <span class="code">BackColor</span>,
<span class="code">ForeColor</span> and <span class="code">LineColor</span> setting a 
property to -1 will mean the default colours are used.
</p>
        <p>
The list of colours supported are:
</p>
        <ul>
          <li>
            <span class="code">BackColor</span>
            <br />
Gets/sets the background colour of the control.  Works regardless of the setting of the
<span class="code">NoCustomDraw</span> flag.
</li>
          <li>
            <span class="code">ForeColor</span>
            <br />
Gets/sets the foreground colour of the control.  Works regardless of the setting of thes
<span class="code">NoCustomDraw</span> flag.
</li>
          <li>
            <span class="code">LineColor</span>
            <br />
Gets/sets the colour of the lines shown in the control.  Works regardless of the setting of the
<span class="code">NoCustomDraw</span> flag.
</li>
          <li>
            <span class="code">MouseOverForeColor, MouseOverBackColor</span>
            <br />
Gets/sets the colour of an item when it is highlighted using hot-tracking.
</li>
          <li>
            <span class="code">SelectedForeColor, SelectedBackColor</span>
            <br />
Gets/sets the normal colour of an item when it is selected.
</li>
          <li>
            <span class="code">SelectedMouseOverForeColor, SelectedMouseOverBackColor</span>
            <br />
Gets/sets the colour of an item when it is selected and the mouse is over.
</li>
          <li>
            <span class="code">SelectedNoFocusForeColor, SelectedNoFocusBackColor</span>
            <br />
Gets/sets the colour of an item when it is selected and the control is out of focus.
</li>
        </ul>
      </li>
    </ul>
    <h3>cTreeViewNodes</h3>
    <p>
This behaves int the same way as the standard version except as noted before a
collection only contains the children of the parent node. Also <span class="code">For..Each</span> is not supported.
</p>
    <h3>cTreeViewNode</h3>
    <p>
This object is largely compatible with the standard VB <span class="code">Node</span> 
object, with these enhancements:
</p>
    <ul>
      <li>
        <span class="code">Children</span>
        <br />
Returns a <span class="code">cTreeViewNodes</span> collection containing the
children for this node, if any, otherwise <span class="code">Nothing</span>.
</li>
      <li>
        <span class="code">StartEdit, EndEdit</span>
        <br />
These methods allow you to programmatically control editing of nodes.
</li>
      <li>
        <span class="code">NoCheckBox</span>
        <br />
Gets/sets whether this node has a checkbox in a TreeView with the 
<span class="code">Checkboxes</span> style.
</li>
      <li>
        <span class="code">ShowPlusMinus</span>
        <br />
Gets/sets whether the plus/minus button is shown for this item, regardless
of whether the item contains children.  This is useful when creating a TreeView
that is dynamically populated - in the standard TreeView you have to add a 
dummy item to the node to allow it to be expanded, here you can simply
set <span class="code">ShowPlusMinus</span> to <span class="code">True</span>.
</li>
      <li>
        <strong>Colour Properties</strong>
        <br />
The same set of colours that can be customised globally for the TreeView control
can also be customised for an individual node.
</li>
      <li>
        <span class="code">Font</span>
        <br />
Gets/sets a specific font used to render this node, or <span class="code">Nothing</span>
to use the default font.
</li>
      <li>
        <span class="code">ItemNumber</span>
        <br />
Gets/sets a number to display in brackets next to the node when the
control has the <span class="code">ShowNumbers</span> style.  Otherwise,
it can be used to store data against the item.
</li>
      <li>
        <span class="code">Index</span>
        <br />
Gets the 1-based index of this item within its parent tree.
</li>
    </ul>
    <!--
<img src="./dragInsert.png" width="183" height="258" alt="Drag Insertion Point" />
<p class="caption">Dragging in the TreeView control with the Drag Insertion point displayed.</p>
-->
    <h2>EOE</h2>
    <p>
There are a few omissions in this release, which are being researched:
</p>
    <ol>
      <li>Sorting is not implemented.</li>
      <li>Tags cannot be associated with items.</li>
    </ol>
    <h2>Conclusion</h2>
    <p>
This TreeView control provides a comprehensive replacement for the standard VB
TreewView with enhanced formatting, drag and drop and style support.
</p>
  </content>
  <relatedArticleList>
    <relatedArticle id="931">System Image List</relatedArticle>
  </relatedArticleList>
</article>