<Layout>
<Dock name="vbalDockContainer4" version="1.0"><Configuration allowDragOff="y" lockToolbars="n" officeXpStyle="y" nonDockingArea="n" nonDockingAreaSize="24"/><Rows count="0"/><PicIndexes count="0"/><UndockedBars count="0"/></Dock>

<Dock name="vbalDockContainer3" version="1.0"><Configuration allowDragOff="y" lockToolbars="n" officeXpStyle="y" nonDockingArea="n" nonDockingAreaSize="24"/><Rows count="3"><Row index="1" barCount="1" height="28"><Bars><Bar index="1" lx="0" cx="214" cXA="214" cYA="28" cXAHorz="214" cYAHorz="28" cXAVert="214" cYAVert="28" lIdx="1" sKey="TABLES" sTitle="Tables" bFillRow="n" lThisX="0" lThisY="0" lLastX="0" lLastY="0" lOffsetX="0" bActiveBar="n" eAction="0" bRowLastChosenBar="n" lXSingleRow="0" bCanDockHorizontal="y" bCanDockVertical="y" bCanClose="y" bShowChevron="n"/></Bars></Row><Row index="2" barCount="1" height="28"><Bars><Bar index="1" lx="0" cx="86" cXA="86" cYA="28" cXAHorz="86" cYAHorz="28" cXAVert="86" cYAVert="28" lIdx="2" sKey="HELP" sTitle="Help" bFillRow="n" lThisX="-4" lThisY="33" lLastX="-4" lLastY="35" lOffsetX="-41" bActiveBar="y" eAction="0" bRowLastChosenBar="y" lXSingleRow="0" bCanDockHorizontal="y" bCanDockVertical="y" bCanClose="y" bShowChevron="n"/></Bars></Row><Row index="3" barCount="1" height="28"><Bars><Bar index="1" lx="145" cx="150" cXA="150" cYA="28" cXAHorz="150" cYAHorz="28" cXAVert="150" cYAVert="28" lIdx="3" sKey="DRAWING" sTitle="Drawing" bFillRow="n" lThisX="145" lThisY="30" lLastX="145" lLastY="37" lOffsetX="0" bActiveBar="n" eAction="0" bRowLastChosenBar="y" lXSingleRow="145" bCanDockHorizontal="y" bCanDockVertical="y" bCanClose="y" bShowChevron="n"/></Bars></Row></Rows><PicIndexes count="3"><PicIndex index="1" value="1"/><PicIndex index="2" value="2"/><PicIndex index="3" value="0"/></PicIndexes><UndockedBars count="0"/></Dock>

<Dock name="vbalDockContainer2" version="1.0"><Configuration allowDragOff="y" lockToolbars="n" officeXpStyle="y" nonDockingArea="y" nonDockingAreaSize="24"/><Rows count="0"/><PicIndexes count="0"/><UndockedBars count="0"/></Dock>

<Dock name="vbalDockContainer1" version="1.0"><Configuration allowDragOff="y" lockToolbars="n" officeXpStyle="y" nonDockingArea="n" nonDockingAreaSize="24"/><Rows count="3"><Row index="1" barCount="1" height="21"><Bars><Bar index="1" lx="0" cx="601" cXA="232" cYA="21" cXAHorz="232" cYAHorz="21" cXAVert="117" cYAVert="55" lIdx="1" sKey="MENU" sTitle="Menu Bar" bFillRow="y" lThisX="0" lThisY="4" lLastX="584" lLastY="4" lOffsetX="-292" bActiveBar="y" eAction="0" bRowLastChosenBar="y" lXSingleRow="0" bCanDockHorizontal="y" bCanDockVertical="y" bCanClose="n" bShowChevron="n"/></Bars></Row><Row index="2" barCount="1" height="28"><Bars><Bar index="1" lx="31" cx="568" cXA="568" cYA="28" cXAHorz="568" cYAHorz="28" cXAVert="282" cYAVert="72" lIdx="3" sKey="STANDARD" sTitle="Standard" bFillRow="n" lThisX="31" lThisY="7" lLastX="31" lLastY="12" lOffsetX="-289" bActiveBar="n" eAction="0" bRowLastChosenBar="y" lXSingleRow="31" bCanDockHorizontal="y" bCanDockVertical="y" bCanClose="y" bShowChevron="n"/></Bars></Row><Row index="3" barCount="1" height="24"><Bars><Bar index="1" lx="0" cx="278" cXA="278" cYA="24" cXAHorz="278" cYAHorz="24" cXAVert="44" cYAVert="46" lIdx="2" sKey="UTILITY" sTitle="Utility" bFillRow="n" lThisX="0" lThisY="0" lLastX="0" lLastY="0" lOffsetX="0" bActiveBar="n" eAction="0" bRowLastChosenBar="n" lXSingleRow="0" bCanDockHorizontal="y" bCanDockVertical="y" bCanClose="y" bShowChevron="n"/></Bars></Row></Rows><PicIndexes count="3"><PicIndex index="1" value="0"/><PicIndex index="2" value="2"/><PicIndex index="3" value="1"/></PicIndexes><UndockedBars count="0"/></Dock>

</Layout>