<NeoCaptionSkin><Name>Metro</Name><Caption activeLeftEnd="68" activeRightStart="81" activeRightEnd="143" inactiveOffset="210" activeColor="16777215" inactiveColor="13421772" drawTitle="no" titleStartOffsetY="3"><Font name="Tahoma" size="6.75" bold="no" italic="no" underline="no" strikethrough="no" charSet="0"/></Caption><Buttons buttonWidth="14" buttonHeight="13" controlButtonHasInactiveVersion="yes" customControlButtonPosition="yes" controlButtonOffsetX="-6" controlButtonOffsetY="6"/><Menu activeMenuColor="6710886" activeMenuColorOver="0" inActiveMenuColor="3355443" menuBackgroundColor="16777215" menuStartOffsetY="0" menuStartOffsetX="0"><Font name="Tahoma" size="6.75" bold="no" italic="no" underline="no" strikethrough="no" charSet="0"/></Menu><Effects><Colourise active="no" hue="0" saturation="0"/><AdjustRGB active="no" percentRed="0" percentBlue="0" percentGreen="0"/></Effects></NeoCaptionSkin>
