<NeoCaptionSkin><Name>Dark Metal</Name><Caption activeLeftEnd="90" activeRightStart="142" activeRightEnd="240" inactiveOffset="372" activeColor="16777215" inactiveColor="10066329" drawTitle="yes" titleStartOffsetY="0"><Font name="Verdana" size="8.25" bold="no" italic="no" underline="no" strikethrough="no" charSet="0"/></Caption><Buttons buttonWidth="13" buttonHeight="14" controlButtonHasInactiveVersion="no" customControlButtonPosition="no" controlButtonOffsetX="0" controlButtonOffsetY="0"/><Menu activeMenuColor="6797113" activeMenuColorOver="11000714" inActiveMenuColor="10066329" menuBackgroundColor="0" menuStartOffsetY="0" menuStartOffsetX="0"><Font name="Verdana" size="8.25" bold="no" italic="no" underline="no" strikethrough="no" charSet="0"/></Menu><Effects><Colourise active="no" hue="0" saturation="0"/><AdjustRGB active="no" percentRed="0" percentBlue="0" percentGreen="0"/></Effects></NeoCaptionSkin>
