﻿<?xml version="1.0" encoding="utf-8"?>
<Compositing>

<Introduction>
<Description>All color components listed below refer to color
component information pre-multiplied by the corresponding alpha value. The
following identifiers have the attached meaning in the equations below:</Description>
<Algorithm xml:space="preserve">      Sc  - The source element color value.
      Sa  - The source element alpha value.
      Dc  - The canvas color value prior to compositing.
      Da  - The canvas alpha value prior to compositing.
      Dc' - The canvas color value post compositing.
      Da' - The canvas alpha value post compositing.</Algorithm>  
<Description>The first 12 compositing methods are the
base Porter-Duff operations.  Beyond that, the methods blend source and
destination colors, which necessitates clamping of the output values after
compositing.</Description>
</Introduction>   

<Method value="0">
<Name>clear</Name>
<Description>Both the color and the alpha of the
destination are cleared. Neither the source nor the destination are used as
input. </Description>
<Algorithm xml:space="preserve">  Dc' = 0
  Da' = 0</Algorithm>
</Method>

<Method value="1">
<Name>src</Name>
<Description>The source is copied to the destination.
The destination is not used as input. </Description>
<Algorithm xml:space="preserve">  Dc' = Sc.Da + Sc.(1 - Da)
      = Sc
  Da' = Sa.Da + Sa.(1 - Da)
      = Sa</Algorithm>
</Method>

<Method value="2">
<Name>dst</Name>
<Description>The destination is left untouched. </Description>
<Algorithm xml:space="preserve">  Dc' = Dc.Sa + Dc.(1 - Sa)
      = Dc
  Da' = Da.Sa + Da.(1 - Sa)
      = Da</Algorithm>
</Method>

<Method value="3">
<Name>src_over</Name>
<Description>The source is composited over the
destination. </Description>
<Algorithm xml:space="preserve">  Dc' = Sc.Da + Sc.(1 - Da) + Dc.(1 - Sa)
      = Sc + Dc.(1 - Sa)
  Da' = Sa.Da + Sa.(1 - Da) + Da.(1 - Sa)
      = Sa + Da - Sa.Da</Algorithm>
</Method>

<Method value="4">
<Name>dst_over</Name>
<Description>The destination is composited over the
source and the result replaces the destination. </Description>
<Algorithm xml:space="preserve">  Dc' = Dc.Sa + Sc.(1 - Da) + Dc.(1 - Sa)
      = Dc + Sc.(1 - Da)
  Da' = Da.Sa + Sa.(1 - Da) + Da.(1 - Sa)
      = Sa + Da - Sa.Da</Algorithm>
</Method>

<Method value="5">
<Name>src_in</Name>
<Description>The part of the source lying inside of
the destination replaces the destination. </Description>
<Algorithm xml:space="preserve">  Dc' = Sc.Da
  Da' = Sa.Da</Algorithm>
</Method>

<Method value="6">
<Name>dst_in</Name>
<Description>The part of the destination lying inside of
the source replaces the destination. </Description>
<Algorithm xml:space="preserve">  Dc' = Dc.Sa
  Da' = Da.Sa</Algorithm>
</Method>

<Method value="7">
<Name>src_out</Name>
<Description>The part of the source lying outside of
the destination replaces the destination. </Description>
<Algorithm xml:space="preserve">  Dc' = Sc.(1 - Da)
  Da' = Sa.(1 - Da)</Algorithm>
</Method>

<Method value="8">
<Name>dst_out</Name>
<Description>The part of the destination lying outside
of the source replaces the destination. </Description>
<Algorithm xml:space="preserve">  Dc' = Dc.(1 - Sa) 
 Da' = Da.(1 - Sa)</Algorithm>
</Method>

<Method value="9">
<Name>src_atop</Name>
<Description>The part of the source lying inside of
the destination is composited onto the destination. </Description>
<Algorithm xml:space="preserve">  Dc' = Sc.Da + Dc(1 - Sa)
  Da' = Sa.Da + Da(1 - Sa)
      = Da</Algorithm>
</Method>

<Method value="10">
<Name>dst_atop</Name>
<Description>The part of the destination lying inside
of the source is composited over the source and replaces the destination. </Description>
<Algorithm xml:space="preserve">  Dc' = Dc.Sa + Sc.(1 - Da)
  Da' = Da.Sa + Sa.(1 - Da)
      = Sa</Algorithm>
</Method>

<Method value="11">
<Name>xor</Name>
<Description>The part of the source that lies outside
of the destination is combined with the part of the destination that lies
outside of the source. </Description>
<Algorithm xml:space="preserve">Dc' = Sc.(1 - Da) + Dc.(1 - Sa)
  Da' = Sa.(1 - Da) + Da.(1 - Sa)
      = Sa + Da - 2.Sa.Da</Algorithm>
</Method>

<Method value="12">
<Name>plus</Name>
<Description>The source is added to the destination
and replaces the destination. This operator is useful for animating a dissolve
between two images. </Description>
<Algorithm xml:space="preserve">  Dc' = Sc.Da + Dc.Sa + Sc.(1 - Da) + Dc.(1 - Sa)
      = Sc + Dc
  Da' = Sa.Da + Da.Sa + Sa.(1 - Da) + Da.(1 - Sa)
      = Sa + Da</Algorithm>
</Method>

<Method value="13">
<Name>multiply</Name>
<Description>The source is multiplied by the
destination and replaces the destination. The resultant color is always at
least as dark as either of the two constituent colors. Multiplying any color
with black produces black. Multiplying any color with white leaves the original
color unchanged. </Description>
<Algorithm xml:space="preserve">  Dc' = Sc.Dc + Sc.(1 - Da) + Dc.(1 - Sa)
  Da' = Sa.Da + Sa.(1 - Da) + Da.(1 - Sa)
      = Sa + Da - Sa.Da</Algorithm>
</Method>

<Method value="14">
<Name>screen</Name>
<Description>The source and destination are
complemented and then multiplied and then replace the destination. The
resultant color is always at least as light as either of the two constituent colors.
Screening any color with white produces white. Screening any color with black
leaves the original color unchanged. </Description>
<Algorithm xml:space="preserve">  Dc' = (Sa.Da - (Da - Dc).(Sa - Sc)) + Sc.(1 - Da) + Dc.(1 - Sa)
      = (Sc.Da + Dc.Sa - Sc.Dc) + Sc.(1 - Da) + Dc.(1 - Sa)
      = Sc + Dc - Sc.Dc
  Da' = Sa + Da - Sa.Da</Algorithm>
</Method>

<Method value="15">
<Name>overlay</Name>
<Description>Multiplies or screens the colors,
dependent on the destination color. Source colors overlay the destination
whilst preserving its highlights and shadows. The destination color is not
replaced, but is mixed with the source color to reflect the lightness or
darkness of the destination. </Description>
<Algorithm xml:space="preserve">  if 2.Dc &lt; Da
    Dc' = 2.Sc.Dc + Sc.(1 - Da) + Dc.(1 - Sa)
  otherwise
    Dc' = Sa.Da - 2.(Da - Dc).(Sa - Sc) + Sc.(1 - Da) + Dc.(1 - Sa)
    Da' = Sa + Da - Sa.Da</Algorithm>
</Method>

<Method value="16">
<Name>darken</Name>
<Description>Selects the darker of the destination and
source colors. The destination is replaced with the source when the source is
darker, otherwise it is left unchanged. </Description>
<Algorithm xml:space="preserve">  Dc' = min(Sc.Da, Dc.Sa) + Sc.(1 - Da) + Dc.(1 - Sa)
  Da' = Sa + Da - Sa.Da

  or 

  if Sc.Da &lt; Dc.Sa
    src_over()
  otherwise
    dst_over()</Algorithm>
</Method>

<Method value="17">
<Name>lighten</Name>
<Description>Selects the lighter of the destination
and source colors. The destination is replaced with the source when the source
is lighter, otherwise it is left unchanged. </Description>
<Algorithm xml:space="preserve">  Dc' = max(Sc.Da, Dc.Sa) + Sc.(1 - Da) + Dc.(1 - Sa)
  Da' = Sa + Da - Sa.Da 

  or 

  if Sc.Da &gt; Dc.Sa
    src_over()
  otherwise
    dst_over()</Algorithm>
</Method>

<Method value="18">
<Name>color_dodge</Name>
<Description>Brightens the destination color to
reflect the source color. Painting with black produces no change. </Description>
<Algorithm xml:space="preserve">  if Sc.Da + Dc.Sa &gt;= Sa.Da
    Dc' = Sa.Da + Sc.(1 - Da) + Dc.(1 - Sa)
  otherwise
    Dc' = Dc.Sa/(1-Sc/Sa) + Sc.(1 - Da) + Dc.(1 - Sa)

  Da' = Sa + Da - Sa.Da</Algorithm>
</Method>

<Method value="19">
<Name>color_burn</Name>
<Description>Darkens the destination color to reflect
the source color. Painting with white produces no change. </Description>
<Algorithm xml:space="preserve">  if Sc.Da + Dc.Sa &lt;= Sa.Da
    Dc' = Sc.(1 - Da) + Dc.(1 - Sa)
  otherwise
    Dc' = Sa.(Sc.Da + Dc.Sa - Sa.Da)/Sc + Sc.(1 - Da) + Dc.(1 - Sa)

  Da' = Sa + Da - Sa.Da</Algorithm>
</Method>

<Method value="20">
<Name>hard_light</Name>
<Description>Multiplies or screens the colors,
dependent on the source color value. If the source color is lighter than 0.5,
the destination is lightened as if it were screened. If the source color is
darker than 0.5, the destination is darkened, as if it were multiplied. The
degree of lightening or darkening is proportional to the difference between the
source color and 0.5. If it is equal to 0.5 the destination is unchanged. Painting
with pure black or white produces black or white. </Description>
<Algorithm xml:space="preserve">  if 2.Sc &lt; Sa
     Dc' = 2.Sc.Dc + Sc.(1 - Da) + Dc.(1 - Sa)
  otherwise
     Dc' = Sa.Da - 2.(Da - Dc).(Sa - Sc) + Sc.(1 - Da) + Dc.(1 - Sa)
  
  Da' = Sa + Da - Sa.Da</Algorithm>
</Method>

<Method value="21">
<Name>soft_light</Name>
<Description>Darkens or lightens the colors, dependent
on the source color value. If the source color is lighter than 0.5, the
destination is lightened. If the source color is darker than 0.5, the
destination is darkened, as if it were burned in. The degree of darkening or
lightening is proportional to the difference between the source color and 0.5.
If it is equal to 0.5, the destination is unchanged. Painting with pure black
or white produces a distinctly darker or lighter area, but does not result in
pure black or white. </Description>
<Algorithm xml:space="preserve">if 2.Sc &lt; Sa
     Dc' = Dc.(Sa - (1 - Dc/Da).(2.Sc - Sa)) + Sc.(1 - Da) + Dc.(1 - Sa) 
  otherwise if Dc.8 &lt;= Da
     Dc' = Dc.(Sa - (1 - Dc/Da).(2.Sc - Sa).(3 - 8.Dc/Da)) + Sc.(1 - Da) + Dc.(1 - Sa)
  otherwise
     Dc' = (Dc.Sa + ((Dc/Da)^(0.5).Da - Dc).(2.Sc - Sa)) + Sc.(1 - Da) + Dc.(1 - Sa)

  Da' = Sa + Da - Sa.Da</Algorithm>
</Method>

<Method value="22">
<Name>difference</Name>
<Description>Subtracts the darker of the two
constituent colors from the lighter. Painting with white inverts the
destination color. Painting with black produces no change. </Description>
<Algorithm xml:space="preserve">  Dc' = abs(Dc.Sa - Sc.Da) + Sc.(1 - Da) + Dc.(1 - Sa)
      = Sc + Dc - 2.min(Sc.Da, Dc.Sa)
  Da' = Sa + Da - Sa.Da</Algorithm>
</Method>

<Method value="23">
<Name>exclusion</Name>
<Description>Produces an effect similar to that of
'difference', but appears as lower contrast. Painting with white inverts the
destination color. Painting with black produces no change. </Description>
<Algorithm xml:space="preserve">  Dc' = (Sc.Da + Dc.Sa - 2.Sc.Dc) + Sc.(1 - Da) + Dc.(1 - Sa)
  Da' = Sa + Da - Sa.Da</Algorithm>
</Method>

</Compositing>

