<NeoCaptionSkin><Name>Neo vbAccelerator</Name><Caption activeLeftEnd="90" activeRightStart="140" activeRightEnd="240" inactiveOffset="400" activeColor="16777215" inactiveColor="9927215" drawTitle="yes" titleStartOffsetY="0"><Font name="Verdana" size="8.25" bold="no" italic="no" underline="no" strikethrough="no" charSet="0"/></Caption><Buttons buttonWidth="19" buttonHeight="20" controlButtonHasInactiveVersion="no" customControlButtonPosition="no" controlButtonOffsetX="0" controlButtonOffsetY="0"/><Menu activeMenuColor="0" activeMenuColorOver="16777215" inActiveMenuColor="9927215" menuBackgroundColor="14073211" menuStartOffsetY="0" menuStartOffsetX="0"><Font name="Verdana" size="8.25" bold="no" italic="no" underline="no" strikethrough="no" charSet="0"/></Menu><Effects><Colourise active="no" hue="0" saturation="0"/><AdjustRGB active="no" percentRed="0" percentBlue="0" percentGreen="0"/></Effects></NeoCaptionSkin>
