<NeoCaptionSkin><Name>Xcursion</Name><Caption activeLeftEnd="13" activeRightStart="30" activeRightEnd="65" inactiveOffset="101" activeColor="6710886" inactiveColor="10066329" drawTitle="yes" titleStartOffsetY="3"><Font name="Tahoma" size="6.75" bold="no" italic="no" underline="no" strikethrough="no" charSet="0"/></Caption><Buttons buttonWidth="9" buttonHeight="8" controlButtonHasInactiveVersion="yes" customControlButtonPosition="yes" controlButtonOffsetX="-14" controlButtonOffsetY="7"/><Menu activeMenuColor="0" activeMenuColorOver="3368550" inActiveMenuColor="0" menuBackgroundColor="16777215" menuStartOffsetY="18" menuStartOffsetX="0"><Font name="Tahoma" size="6.75" bold="no" italic="no" underline="no" strikethrough="no" charSet="0"/></Menu><Effects transparentColor="9145228"><Colourise active="no" hue="0" saturation="0"/><AdjustRGB active="no" percentRed="0" percentBlue="0" percentGreen="0"/></Effects></NeoCaptionSkin>

