<NeoCaptionSkin><Name>Blue Media</Name><Caption activeLeftEnd="39" activeRightStart="96" activeRightEnd="180" inactiveOffset="250" activeColor="6710886" inactiveColor="10066329" drawTitle="yes" titleStartOffsetY="3"><Font name="Tahoma" size="8.25" bold="no" italic="no" underline="no" strikethrough="no" charSet="0"/></Caption><Buttons buttonWidth="11" buttonHeight="14" controlButtonHasInactiveVersion="yes" customControlButtonPosition="yes" controlButtonOffsetX="-10" controlButtonOffsetY="3"/><Menu activeMenuColor="16757384" activeMenuColorOver="16777215" inActiveMenuColor="16757384" menuBackgroundColor="8010529" menuStartOffsetY="17" menuStartOffsetX="30"><Font name="Tahoma" size="8.25" bold="no" italic="no" underline="no" strikethrough="no" charSet="0"/></Menu><Effects transparentColor="9981440"><Colourise active="no" hue="0" saturation="0"/><AdjustRGB active="no" percentRed="0" percentBlue="0" percentGreen="0"/></Effects></NeoCaptionSkin>
