<BugDetails>
  <ArticleId>12138</ArticleId>
  <IssueDetails>
    <Issue>
      <IssueId>1</IssueId>
      <Title>Child Controls Not Hidden When Parent of Explorer Bar Hidden</Title>
      <FirstPosted>2003-07-02</FirstPosted>
      <MostRecentUpdate>2003-07-05</MostRecentUpdate>
      <IssueType>Bug</IssueType>
      <CurrentStatus>Resolved</CurrentStatus>
      <Author>
        <Name>Ivan-Mark Debono</Name>
      </Author>
    </Issue>
    <Issue>
      <IssueId>10</IssueId>
      <Title>Items Not Displayed When More Than 30 Items Added to a Bar</Title>
      <FirstPosted>2003-11-08</FirstPosted>
      <MostRecentUpdate>2003-11-11</MostRecentUpdate>
      <IssueType>Bug</IssueType>
      <CurrentStatus>Resolved</CurrentStatus>
      <Author>
        <Name>TRH</Name>
      </Author>
    </Issue>
    <Issue>
      <IssueId>11</IssueId>
      <Title>Items Do Not Wrap When Bar Width is Changed</Title>
      <FirstPosted>2003-11-10</FirstPosted>
      <MostRecentUpdate>2003-11-11</MostRecentUpdate>
      <IssueType>Bug</IssueType>
      <CurrentStatus>Resolved</CurrentStatus>
      <Author>
        <Name>Steve McMahon</Name>
      </Author>
    </Issue>
    <Issue>
      <IssueId>12</IssueId>
      <Title>Titles when Style = Search should be able to wrap onto more than one line</Title>
      <FirstPosted>2003-11-10</FirstPosted>
      <MostRecentUpdate>2003-11-11</MostRecentUpdate>
      <IssueType>Bug</IssueType>
      <CurrentStatus>Resolved</CurrentStatus>
      <Author>
        <Name>Steve McMahon</Name>
      </Author>
    </Issue>
    <Issue>
      <IssueId>13</IssueId>
      <Title>Images in bar backgrounds are not supported</Title>
      <FirstPosted>2003-11-10</FirstPosted>
      <MostRecentUpdate>2003-11-11</MostRecentUpdate>
      <IssueType>CR</IssueType>
      <CurrentStatus>Resolved</CurrentStatus>
      <Author>
        <Name>Steve McMahon</Name>
      </Author>
    </Issue>
    <Issue>
      <IssueId>14</IssueId>
      <Title>Images in bar titles are not supported</Title>
      <FirstPosted>2003-11-10</FirstPosted>
      <MostRecentUpdate>2003-11-11</MostRecentUpdate>
      <IssueType>CR</IssueType>
      <CurrentStatus>Resolved</CurrentStatus>
      <Author>
        <Name>Steve McMahon</Name>
      </Author>
    </Issue>
    <Issue>
      <IssueId>15</IssueId>
      <Title>Incorrect item displayed when using keys to navigate control.</Title>
      <FirstPosted>2003-11-10</FirstPosted>
      <MostRecentUpdate>2003-11-11</MostRecentUpdate>
      <IssueType>BUG</IssueType>
      <CurrentStatus>Resolved</CurrentStatus>
      <Author>
        <Name>Steve McMahon</Name>
      </Author>
    </Issue>
    <Issue>
      <IssueId>16</IssueId>
      <Title>Collapsing and Expanding Bars is slow with a large number of items and a big control.</Title>
      <FirstPosted>2003-11-10</FirstPosted>
      <MostRecentUpdate>2003-11-11</MostRecentUpdate>
      <IssueType>CR</IssueType>
      <CurrentStatus>Resolved</CurrentStatus>
      <Author>
        <Name>Steve McMahon</Name>
      </Author>
    </Issue>
    <Issue>
      <IssueId>17</IssueId>
      <Title>Items of type Image are not supported</Title>
      <FirstPosted>2003-11-11</FirstPosted>
      <MostRecentUpdate>2003-11-11</MostRecentUpdate>
      <IssueType>CR</IssueType>
      <CurrentStatus>Open</CurrentStatus>
      <Author>
        <Name>Steve McMahon</Name>
      </Author>
    </Issue>
    <Issue>
      <IssueId>18</IssueId>
      <Title>Feature Request: Ability to disable animations for Expand/Collapse</Title>
      <FirstPosted>2003-11-20</FirstPosted>
      <MostRecentUpdate>2003-11-20</MostRecentUpdate>
      <IssueType>CR</IssueType>
      <CurrentStatus>Open</CurrentStatus>
      <Author>
        <Name>Sebastian Melgin</Name>
      </Author>
    </Issue>
    <Issue>
      <IssueId>2</IssueId>
      <Title>Font Property of cExplorerBarItem does not work</Title>
      <FirstPosted>2003-07-06</FirstPosted>
      <MostRecentUpdate>2003-11-11</MostRecentUpdate>
      <IssueType>Bug</IssueType>
      <CurrentStatus>Resolved</CurrentStatus>
      <Author>
        <Name>Michael</Name>
      </Author>
    </Issue>
    <Issue>
      <IssueId>3</IssueId>
      <Title>Panel Does not resize when Item deleted</Title>
      <FirstPosted>2003-07-25</FirstPosted>
      <MostRecentUpdate>2003-11-11</MostRecentUpdate>
      <IssueType>Bug</IssueType>
      <CurrentStatus>Resolved</CurrentStatus>
      <Author>
        <Name>Guillaume de Sagazan</Name>
      </Author>
    </Issue>
    <Issue>
      <IssueId>4</IssueId>
      <Title>When Using Custom Colours for a bar, TitleColorDark is Ignored</Title>
      <FirstPosted>2003-07-25</FirstPosted>
      <MostRecentUpdate>2003-07-25</MostRecentUpdate>
      <IssueType>Bug</IssueType>
      <CurrentStatus>Open</CurrentStatus>
      <Author>
        <Name>Guillaume de Sagazan</Name>
      </Author>
    </Issue>
    <Issue>
      <IssueId>5</IssueId>
      <Title>With Mixed TitleBackColor Values, the Collapse/Expand Button draws with unpredictable colour</Title>
      <FirstPosted>2003-07-05</FirstPosted>
      <MostRecentUpdate>2003-07-25</MostRecentUpdate>
      <IssueType>CR</IssueType>
      <CurrentStatus>Open</CurrentStatus>
      <Author>
        <Name>Guillaume de Sagazan</Name>
      </Author>
    </Issue>
    <Issue>
      <IssueId>6</IssueId>
      <Title>Incorrect Arrow Icon under some circumstances</Title>
      <FirstPosted>2003-10-27</FirstPosted>
      <MostRecentUpdate>2003-10-27</MostRecentUpdate>
      <IssueType>Bug</IssueType>
      <CurrentStatus>Open</CurrentStatus>
      <Author>
        <Name>Ivan Debono</Name>
      </Author>
    </Issue>
    <Issue>
      <IssueId>7</IssueId>
      <Title>Display bug when hosted in a UserControl</Title>
      <FirstPosted>2003-11-03</FirstPosted>
      <MostRecentUpdate>2003-11-03</MostRecentUpdate>
      <IssueType>Bug</IssueType>
      <CurrentStatus>Open</CurrentStatus>
      <Author>
        <Name>Ivan Debono</Name>
      </Author>
    </Issue>
    <Issue>
      <IssueId>8</IssueId>
      <Title>TitleBackColorLight and TitleBackColorDark properties are incorrect</Title>
      <FirstPosted>2003-11-05</FirstPosted>
      <MostRecentUpdate>2003-11-11</MostRecentUpdate>
      <IssueType>Bug</IssueType>
      <CurrentStatus>Resolved</CurrentStatus>
      <Author>
        <Name>Ivan Debono</Name>
      </Author>
    </Issue>
    <Issue>
      <IssueId>9</IssueId>
      <Title>VB6 Compile of control refers to MSVBVM50.DLL</Title>
      <FirstPosted>2003-11-05</FirstPosted>
      <MostRecentUpdate>2003-11-11</MostRecentUpdate>
      <IssueType>Bug</IssueType>
      <CurrentStatus>Resolved</CurrentStatus>
      <Author>
        <Name>Brian Gillham</Name>
      </Author>
    </Issue>
  </IssueDetails>
  <LastUpdate>2003-11-20</LastUpdate>
  <Bugs Total="12" Open="3" />
  <Issues Total="6" Open="3" />
  <Questions Total="0" Open="0" />
</BugDetails>